{"_timestamp":1.7774670622574675e+09,"train_samples_per_second":58.9,"eval/macro_f1":0.6100586696826182,"eval/samples_per_second":271.356,"_wandb":{"runtime":2539},"total_flos":2.19502368739584e+15,"eval/recall":0.5778583119008651,"eval/precision":0.7275582573454914,"_step":22,"train_loss":0.20778843820380252,"train/epoch":5,"eval/accuracy":0.6852886405959032,"eval/runtime":1.9789,"_runtime":2539,"train/learning_rate":1.0632642211589581e-08,"train_steps_per_second":7.378,"eval/steps_per_second":17.181,"train/grad_norm":0.02882792241871357,"train/global_step":2090,"train_runtime":283.2783,"eval/loss":1.848382592201233,"train/loss":0.0956}