{"eval/runtime":4.5568,"eval/recall":0.47586574182318864,"total_flos":2.1950630522496e+15,"eval/accuracy":0.664804469273743,"train/learning_rate":1.0632642211589581e-08,"_timestamp":1.7774648041012352e+09,"train_loss":0.4956708588668604,"eval/loss":1.2887762784957886,"train/grad_norm":0.665919303894043,"_step":11,"train_steps_per_second":3.722,"_wandb":{"runtime":1351},"train/epoch":5,"train/loss":0.2857,"eval/precision":0.7488431222984998,"train_runtime":561.5756,"train_samples_per_second":29.711,"eval/samples_per_second":117.847,"_runtime":1351,"eval/macro_f1":0.46209380395186245,"train/global_step":2090,"eval/steps_per_second":7.461}